# 2016-04-15
#
# The author disclaims copyright to this source code.  In place of
# a legal notice, here is a blessing:
#
#    May you do good and not evil.
#    May you find forgiveness for yourself and forgive others.
#    May you share freely, never taking more than you give.
#
#***********************************************************************
# This file implements regression tests for SQLite library.  The
# focus of this script is DISTINCT queries using the skip-ahead 
# optimization.
#

set testdir [file dirname $argv0]
source $testdir/tester.tcl

set testprefix distinct2

do_execsql_test 100 {
  CREATE TABLE t1(x INTEGER PRIMARY KEY);
  INSERT INTO t1 VALUES(0),(1),(2);
  CREATE TABLE t2 AS
     SELECT DISTINCT a.x AS aa, b.x AS bb
      FROM t1 a, t1 b;
  SELECT *, '|' FROM t2 ORDER BY aa, bb;
} {0 0 | 0 1 | 0 2 | 1 0 | 1 1 | 1 2 | 2 0 | 2 1 | 2 2 |}
do_execsql_test 110 {
  DROP TABLE t2;
  CREATE TABLE t2 AS
     SELECT DISTINCT a.x AS aa, b.x AS bb
       FROM t1 a, t1 b
      WHERE a.x IN t1 AND b.x IN t1;
  SELECT *, '|' FROM t2 ORDER BY aa, bb;
} {0 0 | 0 1 | 0 2 | 1 0 | 1 1 | 1 2 | 2 0 | 2 1 | 2 2 |}
do_execsql_test 120 {
  CREATE TABLE t102 (i0 TEXT UNIQUE NOT NULL);
  INSERT INTO t102 VALUES ('0'),('1'),('2');
  DROP TABLE t2;
  CREATE TABLE t2 AS
    SELECT DISTINCT * 
    FROM t102 AS t0 
    JOIN t102 AS t4 ON (t2.i0 IN t102)
    NATURAL JOIN t102 AS t3
    JOIN t102 AS t1 ON (t0.i0 IN t102)
    JOIN t102 AS t2 ON (t2.i0=+t0.i0 OR (t0.i0<>500 AND t2.i0=t1.i0));
  SELECT *, '|' FROM t2 ORDER BY 1, 2, 3, 4, 5;
} {0 0 0 0 | 0 0 1 0 | 0 0 1 1 | 0 0 2 0 | 0 0 2 2 | 0 1 0 0 | 0 1 1 0 | 0 1 1 1 | 0 1 2 0 | 0 1 2 2 | 0 2 0 0 | 0 2 1 0 | 0 2 1 1 | 0 2 2 0 | 0 2 2 2 | 1 0 0 0 | 1 0 0 1 | 1 0 1 1 | 1 0 2 1 | 1 0 2 2 | 1 1 0 0 | 1 1 0 1 | 1 1 1 1 | 1 1 2 1 | 1 1 2 2 | 1 2 0 0 | 1 2 0 1 | 1 2 1 1 | 1 2 2 1 | 1 2 2 2 | 2 0 0 0 | 2 0 0 2 | 2 0 1 1 | 2 0 1 2 | 2 0 2 2 | 2 1 0 0 | 2 1 0 2 | 2 1 1 1 | 2 1 1 2 | 2 1 2 2 | 2 2 0 0 | 2 2 0 2 | 2 2 1 1 | 2 2 1 2 | 2 2 2 2 |}

do_execsql_test 400 {
  CREATE TABLE t4(a,b,c,d,e,f,g,h,i,j);
  INSERT INTO t4 VALUES(0,1,2,3,4,5,6,7,8,9);
  INSERT INTO t4 SELECT * FROM t4;
  INSERT INTO t4 SELECT * FROM t4;
  CREATE INDEX t4x ON t4(c,d,e);
  SELECT DISTINCT a,b,c FROM t4 WHERE a=0 AND b=1;
} {0 1 2}
do_execsql_test 410 {
  SELECT DISTINCT a,b,c,d FROM t4 WHERE a=0 AND b=1;
} {0 1 2 3}
do_execsql_test 411 {
  SELECT DISTINCT d,a,b,c FROM t4 WHERE a=0 AND b=1;
} {3 0 1 2}
do_execsql_test 420 {
  SELECT DISTINCT a,b,c,d,e FROM t4 WHERE a=0 AND b=1;
} {0 1 2 3 4}
do_execsql_test 430 {
  SELECT DISTINCT a,b,c,d,e,f FROM t4 WHERE a=0 AND b=1;
} {0 1 2 3 4 5}

do_execsql_test 500 {
  CREATE TABLE t5(a INT, b INT);
  CREATE UNIQUE INDEX t5x ON t5(a+b);
  INSERT INTO t5(a,b) VALUES(0,0),(1,0),(1,1),(0,3);
  CREATE TEMP TABLE out AS SELECT DISTINCT a+b FROM t5;
  SELECT * FROM out ORDER BY 1;
} {0 1 2 3}

do_execsql_test 600 {
  CREATE TABLE t6a(x INTEGER PRIMARY KEY);
  INSERT INTO t6a VALUES(1);
  CREATE TABLE t6b(y INTEGER PRIMARY KEY);
  INSERT INTO t6b VALUES(2),(3);
  SELECT DISTINCT x, x FROM t6a, t6b;
} {1 1}

finish_test
